{
  "_note1": "KEEP THIS FILE! Check it into a version control system (VCS) like git.",
  "_note2": "ObjectBox manages crucial IDs for your object model. See docs for details.",
  "_note3": "If you have VCS merge conflicts, you must resolve them according to ObjectBox docs.",
  "entities": [
    {
      "id": "1:1477021517413542363",
      "lastPropertyId": "3:8301301441759132660",
      "name": "Student",
      "properties": [
        {
          "id": "1:4686570487258038105",
          "name": "id"
        },
        {
          "id": "2:3049792725535189721",
          "name": "name"
        },
        {
          "id": "3:8301301441759132660",
          "name": "age"
        }
      ],
      "relations": []
    }
  ],
  "lastEntityId": "1:1477021517413542363",
  "lastIndexId": "0:0",
  "lastRelationId": "0:0",
  "lastSequenceId": "0:0",
  "modelVersion": 4,
  "modelVersionParserMinimum": 4,
  "retiredEntityUids": [],
  "retiredIndexUids": [],
  "retiredPropertyUids": [],
  "retiredRelationUids": [],
  "version": 1
}